figure,panel,series,regime,context,x,value,ci95_low,ci95_high,statistic,owning_section
2,a,goal_blind_prior,MASKED,RPE1,,0.343,,,median BU@20 over query-view rows,sec:heldout
2,a,goal_blind_prior,MASKED,HepG2,,0.281,,,median BU@20 over query-view rows,sec:heldout
2,a,goal_blind_prior,MASKED,Jurkat,,0.087,,,median BU@20 over query-view rows,sec:heldout
2,a,goal_blind_prior,MASKED,pooled,,0.17,,,median BU@20 over query-view rows,sec:heldout
2,a,goal_blind_prior,SEEN,RPE1,,0.437,,,median BU@20 over query-view rows,sec:heldout
2,a,goal_blind_prior,SEEN,HepG2,,0.31,,,median BU@20 over query-view rows,sec:heldout
2,a,goal_blind_prior,SEEN,Jurkat,,0.108,,,median BU@20 over query-view rows,sec:heldout
2,a,goal_blind_prior,SEEN,pooled,,0.194,,,median BU@20 over query-view rows,sec:heldout
2,a,internal_forward_then_match,MASKED,RPE1,,0.227,,,median BU@20 over query-view rows,sec:heldout
2,a,internal_forward_then_match,MASKED,HepG2,,0.375,,,median BU@20 over query-view rows,sec:heldout
2,a,internal_forward_then_match,MASKED,Jurkat,,0.352,,,median BU@20 over query-view rows,sec:heldout
2,a,internal_forward_then_match,MASKED,pooled,,0.294,,,median BU@20 over query-view rows,sec:heldout
2,a,internal_forward_then_match,SEEN,RPE1,,0.326,,,median BU@20 over query-view rows,sec:heldout
2,a,internal_forward_then_match,SEEN,HepG2,,0.427,,,median BU@20 over query-view rows,sec:heldout
2,a,internal_forward_then_match,SEEN,Jurkat,,0.438,,,median BU@20 over query-view rows,sec:heldout
2,a,internal_forward_then_match,SEEN,pooled,,0.396,,,median BU@20 over query-view rows,sec:heldout
2,a,base,MASKED,RPE1,,0.389,,,median BU@20 over query-view rows,sec:heldout
2,a,base,MASKED,HepG2,,0.413,,,median BU@20 over query-view rows,sec:heldout
2,a,base,MASKED,Jurkat,,0.495,,,median BU@20 over query-view rows,sec:heldout
2,a,base,MASKED,pooled,,0.44,,,median BU@20 over query-view rows,sec:heldout
2,a,vcdesign_ced,MASKED,RPE1,,0.447,,,median BU@20 over query-view rows,sec:heldout
2,a,vcdesign_ced,MASKED,HepG2,,0.498,,,median BU@20 over query-view rows,sec:heldout
2,a,vcdesign_ced,MASKED,Jurkat,,0.548,,,median BU@20 over query-view rows,sec:heldout
2,a,vcdesign_ced,MASKED,pooled,,0.499,,,median BU@20 over query-view rows,sec:heldout
2,a,vcdesign_ced,SEEN,RPE1,,0.462,,,median BU@20 over query-view rows,sec:heldout
2,a,vcdesign_ced,SEEN,HepG2,,0.485,,,median BU@20 over query-view rows,sec:heldout
2,a,vcdesign_ced,SEEN,Jurkat,,0.556,,,median BU@20 over query-view rows,sec:heldout
2,a,vcdesign_ced,SEEN,pooled,,0.508,,,median BU@20 over query-view rows,sec:heldout
2,a,cellnavi_official,SEEN,RPE1,,0.114,,,median BU@20 over query-view rows,sec:heldout
2,a,cellnavi_official,SEEN,HepG2,,-0.098,,,median BU@20 over query-view rows,sec:heldout
2,a,cellnavi_official,SEEN,Jurkat,,-0.047,,,median BU@20 over query-view rows,sec:heldout
2,a,cellnavi_official,SEEN,pooled,,-0.02,,,median BU@20 over query-view rows,sec:heldout
2,a,cellnavi_native,SEEN,RPE1,,0.279,,,median BU@20 over query-view rows,sec:heldout
2,a,cellnavi_native,SEEN,HepG2,,0.196,,,median BU@20 over query-view rows,sec:heldout
2,a,cellnavi_native,SEEN,Jurkat,,-0.116,,,median BU@20 over query-view rows,sec:heldout
2,a,cellnavi_native,SEEN,pooled,,0.015,,,median BU@20 over query-view rows,sec:heldout
2,a,profiled_signature_retrieval,SEEN,RPE1,,0.666,,,median BU@20 over query-view rows,sec:heldout
2,a,profiled_signature_retrieval,SEEN,HepG2,,0.658,,,median BU@20 over query-view rows,sec:heldout
2,a,profiled_signature_retrieval,SEEN,Jurkat,,0.691,,,median BU@20 over query-view rows,sec:heldout
2,a,profiled_signature_retrieval,SEEN,pooled,,0.675,,,median BU@20 over query-view rows,sec:heldout
2,b,VCDesign-CED minus Base,MASKED,RPE1,,0.0526412845131594,0.04697664061479789,0.05827481197675688,"median paired BU@20 difference, query-gene cluster bootstrap",sec:heldout
2,b,VCDesign-CED minus Base,MASKED,HepG2,,0.06984849602328516,0.06013755458504513,0.08125271094884717,"median paired BU@20 difference, query-gene cluster bootstrap",sec:heldout
2,b,VCDesign-CED minus Base,MASKED,Jurkat,,0.03896373989567356,0.03413613917776704,0.04538644044529372,"median paired BU@20 difference, query-gene cluster bootstrap",sec:heldout
2,b,VCDesign-CED minus Base,MASKED,pooled,,0.049201783576071106,0.04556696045401165,0.05342857901455489,"median paired BU@20 difference, query-gene cluster bootstrap",sec:heldout
2,b,VCDesign-CED minus Base,SEEN,RPE1,,0.06907157732474076,0.06175528631139844,0.07550607963254952,"median paired BU@20 difference, query-gene cluster bootstrap",sec:heldout
2,b,VCDesign-CED minus Base,SEEN,HepG2,,0.06721733587945242,0.058979055559632954,0.07920321719088208,"median paired BU@20 difference, query-gene cluster bootstrap",sec:heldout
2,b,VCDesign-CED minus Base,SEEN,Jurkat,,0.04344172824885301,0.037400780079901594,0.051775356510054715,"median paired BU@20 difference, query-gene cluster bootstrap",sec:heldout
2,b,VCDesign-CED minus Base,SEEN,pooled,,0.058316765734868437,0.053010698035968695,0.062486560819223325,"median paired BU@20 difference, query-gene cluster bootstrap",sec:heldout
2,c,VCDesign-CED minus Base scorer,K562 held-out,K562,,0.03188869091122179,0.02865932586842962,0.036752656737531336,"median paired mean-BU difference, row bootstrap (locked record)",sec:heldout
2,c,VCDesign-CED minus Text-augmented ranker,K562 held-out,K562,,0.02683742246458032,0.01435693325656287,0.034066210756649534,"median paired mean-BU difference, row bootstrap (locked record)",sec:heldout
2,d,VCDesign-CED minus Base scorer,K562 held-out,K562,10,0.10818713450292397,0.03070175438596491,0.1871345029239766,"mean paired high-value-hit difference, identity-cluster bootstrap",sec:heldout
2,d,VCDesign-CED minus Base scorer,K562 held-out,K562,20,0.3742690058479532,0.2573099415204678,0.49415204678362573,"mean paired high-value-hit difference, identity-cluster bootstrap",sec:heldout
2,d,VCDesign-CED minus Base scorer,K562 held-out,K562,50,1.935672514619883,1.6198830409356726,2.247076023391813,"mean paired high-value-hit difference, identity-cluster bootstrap",sec:heldout
2,d,VCDesign-CED minus Text-augmented ranker,K562 held-out,K562,10,-0.0891812865497076,-0.21783625730994152,0.038011695906432746,"mean paired high-value-hit difference, identity-cluster bootstrap",sec:heldout
2,d,VCDesign-CED minus Text-augmented ranker,K562 held-out,K562,20,0.12280701754385964,-0.06725146198830409,0.3128654970760234,"mean paired high-value-hit difference, identity-cluster bootstrap",sec:heldout
2,d,VCDesign-CED minus Text-augmented ranker,K562 held-out,K562,50,2.1973684210526314,1.827485380116959,2.573099415204678,"mean paired high-value-hit difference, identity-cluster bootstrap",sec:heldout
3,a,full_measured minus size_controlled,paired arms,RPE1,,0.0007702290033226311,0.0003367392569573746,0.0013100237428421424,"median paired BU@20 difference, query-gene cluster bootstrap",sec:context
3,a,full_measured minus size_controlled,paired arms,HepG2,,8.429228699680102e-05,-0.00021468748927162828,0.00038533583549826833,"median paired BU@20 difference, query-gene cluster bootstrap",sec:context
3,a,full_measured minus size_controlled,paired arms,Jurkat,,-0.0003056550596967633,-0.0007577533113657942,7.120541791755253e-05,"median paired BU@20 difference, query-gene cluster bootstrap",sec:context
3,a,full_measured minus size_controlled,paired arms,pooled,,0.000165143590238781,-5.4364057162137325e-05,0.0004729521470251536,"median paired BU@20 difference, query-gene cluster bootstrap",sec:context
3,a,size_controlled minus response_unseen,paired arms,RPE1,,0.013751391788481948,0.009983156438663487,0.016886084046102163,"median paired BU@20 difference, query-gene cluster bootstrap",sec:context
3,a,size_controlled minus response_unseen,paired arms,HepG2,,-0.002871845474614776,-0.005949260584165656,0.0005710193170263556,"median paired BU@20 difference, query-gene cluster bootstrap",sec:context
3,a,size_controlled minus response_unseen,paired arms,Jurkat,,0.007732560933717436,0.005933248508745548,0.00972751496136609,"median paired BU@20 difference, query-gene cluster bootstrap",sec:context
3,a,size_controlled minus response_unseen,paired arms,pooled,,0.007806351384911786,0.006071726731641136,0.009570407752952204,"median paired BU@20 difference, query-gene cluster bootstrap",sec:context
3,b,VCDesign-CED minus Base,mixed,RPE1,0.0,0.06907157732474076,,,median paired BU@20 difference,sec:context
3,b,VCDesign-CED minus Base,mixed,RPE1,0.25,0.0675239651419666,,,median paired BU@20 difference,sec:context
3,b,VCDesign-CED minus Base,mixed,RPE1,0.5,0.06530692210872802,,,median paired BU@20 difference,sec:context
3,b,VCDesign-CED minus Base,mixed,RPE1,0.75,0.061986353903952976,,,median paired BU@20 difference,sec:context
3,b,VCDesign-CED minus Base,mixed,RPE1,1.0,0.0526412845131594,,,median paired BU@20 difference,sec:context
3,b,VCDesign-CED minus Base,mixed,HepG2,0.0,0.06721733587945242,,,median paired BU@20 difference,sec:context
3,b,VCDesign-CED minus Base,mixed,HepG2,0.25,0.07031765975816004,,,median paired BU@20 difference,sec:context
3,b,VCDesign-CED minus Base,mixed,HepG2,0.5,0.06922858977774295,,,median paired BU@20 difference,sec:context
3,b,VCDesign-CED minus Base,mixed,HepG2,0.75,0.07010931317526965,,,median paired BU@20 difference,sec:context
3,b,VCDesign-CED minus Base,mixed,HepG2,1.0,0.06984849602328516,,,median paired BU@20 difference,sec:context
3,b,VCDesign-CED minus Base,mixed,Jurkat,0.0,0.04344172824885301,,,median paired BU@20 difference,sec:context
3,b,VCDesign-CED minus Base,mixed,Jurkat,0.25,0.044510925900398124,,,median paired BU@20 difference,sec:context
3,b,VCDesign-CED minus Base,mixed,Jurkat,0.5,0.04336989811630998,,,median paired BU@20 difference,sec:context
3,b,VCDesign-CED minus Base,mixed,Jurkat,0.75,0.042827659973608434,,,median paired BU@20 difference,sec:context
3,b,VCDesign-CED minus Base,mixed,Jurkat,1.0,0.03896373989567356,,,median paired BU@20 difference,sec:context
4,a,natural,MASKED,pooled,1,0.024657374118783527,0.021207875559039205,0.027340686719883184,median paired BU@20 gain over Base; atlas rows 2676,sec:analysis
4,a,natural,MASKED,pooled,2,0.042104548556985893,0.03780583074130331,0.04567998987923316,median paired BU@20 gain over Base; atlas rows 5352,sec:analysis
4,a,natural,MASKED,pooled,3,0.049201783576071106,0.04556696045401165,0.05342857901455489,median paired BU@20 gain over Base; atlas rows 8028,sec:analysis
4,a,row_matched,MASKED,pooled,1,0.012329716271600497,0.0088682999810491,0.015388015842956439,median paired BU@20 gain over Base; atlas rows 840,sec:analysis
4,a,row_matched,MASKED,pooled,2,0.0069776577763359104,0.004636047968103796,0.00954703803572765,median paired BU@20 gain over Base; atlas rows 840,sec:analysis
4,a,row_matched,MASKED,pooled,3,0.0012159524770089247,-0.0011409741781416294,0.003580422548361182,median paired BU@20 gain over Base; atlas rows 840,sec:analysis
4,b,Predictive response basis,MASKED,pooled,,0.0009086250815539543,0.0005963330100796138,0.0012947454874863984,median paired BU@20 difference vs unit-direction ridge,sec:analysis
4,b,Context-invariant adapter,MASKED,pooled,,0.000765517042807029,-0.00026301082934039144,0.0018657979937954125,median paired BU@20 difference vs unit-direction ridge,sec:analysis
4,b,"Nonlinear memory, anchored",MASKED,pooled,,3.607056276377918e-05,-0.0009776275291242809,0.001140990886433435,median paired BU@20 difference vs unit-direction ridge,sec:analysis
4,b,Nonlinear effect memory,MASKED,pooled,,-0.02331013574684493,-0.025706710558696,-0.02079947856627999,median paired BU@20 difference vs unit-direction ridge,sec:analysis
4,b,Drop MAP-KG (STRING only),MASKED,pooled,,-0.0012912238309953153,-0.002618923622687952,-0.00020217538296346538,median paired BU@20 difference vs unit-direction ridge,sec:analysis
4,b,Drop STRING (MAP-KG only),MASKED,pooled,,-0.021053217176577016,-0.02354052860120623,-0.017724847466990157,median paired BU@20 difference vs unit-direction ridge,sec:analysis
4,c-left,RIDGE_UNIT[K562],MASKED,RPE1,0.01376470432711248,0.25150521772844076,,,candidate-specific prediction cosine (x) vs effect-only BU@20 (y),sec:prediction-design
4,c-left,RIDGE_UNIT[K562@matched],MASKED,RPE1,-0.04592916650292401,0.046077498613200235,,,candidate-specific prediction cosine (x) vs effect-only BU@20 (y),sec:prediction-design
4,c-left,RIDGE_UNIT[HepG2],MASKED,RPE1,0.16212533529971335,0.1561621905238386,,,candidate-specific prediction cosine (x) vs effect-only BU@20 (y),sec:prediction-design
4,c-left,RIDGE_UNIT[HepG2@matched],MASKED,RPE1,0.16212533529971335,0.1561621905238386,,,"candidate-specific prediction cosine (x) vs effect-only BU@20 (y); duplicate fit, excluded from the within-context test",sec:prediction-design
4,c-left,RIDGE_UNIT[Jurkat],MASKED,RPE1,0.005824962767817657,0.24667676428782145,,,candidate-specific prediction cosine (x) vs effect-only BU@20 (y),sec:prediction-design
4,c-left,RIDGE_UNIT[Jurkat@matched],MASKED,RPE1,-0.01125546720853515,0.21607599585882267,,,candidate-specific prediction cosine (x) vs effect-only BU@20 (y),sec:prediction-design
4,c-left,RIDGE_UNIT[K562+HepG2],MASKED,RPE1,0.0682421279521577,0.23361894042233072,,,candidate-specific prediction cosine (x) vs effect-only BU@20 (y),sec:prediction-design
4,c-left,RIDGE_UNIT[K562+HepG2@matched],MASKED,RPE1,0.020126311215655012,0.021576886852229936,,,candidate-specific prediction cosine (x) vs effect-only BU@20 (y),sec:prediction-design
4,c-left,RIDGE_UNIT[K562+Jurkat],MASKED,RPE1,0.02299133009203644,0.21308611450173254,,,candidate-specific prediction cosine (x) vs effect-only BU@20 (y),sec:prediction-design
4,c-left,RIDGE_UNIT[K562+Jurkat@matched],MASKED,RPE1,-0.049314818872811333,0.12393988231907159,,,candidate-specific prediction cosine (x) vs effect-only BU@20 (y),sec:prediction-design
4,c-left,RIDGE_UNIT[HepG2+Jurkat],MASKED,RPE1,0.09059202254140383,0.22392554609545687,,,candidate-specific prediction cosine (x) vs effect-only BU@20 (y),sec:prediction-design
4,c-left,RIDGE_UNIT[HepG2+Jurkat@matched],MASKED,RPE1,0.06273578319280085,0.2616304782342054,,,candidate-specific prediction cosine (x) vs effect-only BU@20 (y),sec:prediction-design
4,c-left,RIDGE_UNIT[full],MASKED,RPE1,0.05662325637981144,0.2267946161971875,,,candidate-specific prediction cosine (x) vs effect-only BU@20 (y),sec:prediction-design
4,c-left,RIDGE_UNIT[full@matched],MASKED,RPE1,0.007897594905906857,0.04363267150351708,,,candidate-specific prediction cosine (x) vs effect-only BU@20 (y),sec:prediction-design
4,c-left,RIDGE_UNIT[STRING_only],MASKED,RPE1,0.04958920956470044,0.24664760884133138,,,candidate-specific prediction cosine (x) vs effect-only BU@20 (y),sec:prediction-design
4,c-left,RIDGE_UNIT[MAPKG_only],MASKED,RPE1,0.03770253343761326,0.16393589725590763,,,candidate-specific prediction cosine (x) vs effect-only BU@20 (y),sec:prediction-design
4,c-left,RIDGE_UNIT[rank64],MASKED,RPE1,0.05863547814517343,0.20327147986717609,,,candidate-specific prediction cosine (x) vs effect-only BU@20 (y),sec:prediction-design
4,c-left,RIDGE_UNIT[rank128],MASKED,RPE1,0.0589615486025823,0.2203151936187298,,,candidate-specific prediction cosine (x) vs effect-only BU@20 (y),sec:prediction-design
4,c-left,RIDGE_UNIT[rank512],MASKED,RPE1,0.05350150977970034,0.2312571245756705,,,candidate-specific prediction cosine (x) vs effect-only BU@20 (y),sec:prediction-design
4,c-left,RIDGE_UNIT[K562],MASKED,HepG2,0.027967757651575022,0.3267633636675404,,,candidate-specific prediction cosine (x) vs effect-only BU@20 (y),sec:prediction-design
4,c-left,RIDGE_UNIT[K562@matched],MASKED,HepG2,-0.05429401433956417,0.233876052168774,,,candidate-specific prediction cosine (x) vs effect-only BU@20 (y),sec:prediction-design
4,c-left,RIDGE_UNIT[RPE1],MASKED,HepG2,0.12066492783288618,0.3611367436698314,,,candidate-specific prediction cosine (x) vs effect-only BU@20 (y),sec:prediction-design
4,c-left,RIDGE_UNIT[RPE1@matched],MASKED,HepG2,0.12066492783288618,0.3611367436698314,,,"candidate-specific prediction cosine (x) vs effect-only BU@20 (y); duplicate fit, excluded from the within-context test",sec:prediction-design
4,c-left,RIDGE_UNIT[Jurkat],MASKED,HepG2,0.027396114141031075,0.2947112993323744,,,candidate-specific prediction cosine (x) vs effect-only BU@20 (y),sec:prediction-design
4,c-left,RIDGE_UNIT[Jurkat@matched],MASKED,HepG2,0.02849378877278893,0.2670029923307054,,,candidate-specific prediction cosine (x) vs effect-only BU@20 (y),sec:prediction-design
4,c-left,RIDGE_UNIT[K562+RPE1],MASKED,HepG2,0.08685275629528066,0.3780427792609171,,,candidate-specific prediction cosine (x) vs effect-only BU@20 (y),sec:prediction-design
4,c-left,RIDGE_UNIT[K562+RPE1@matched],MASKED,HepG2,0.017861968520192693,0.21778456604185917,,,candidate-specific prediction cosine (x) vs effect-only BU@20 (y),sec:prediction-design
4,c-left,RIDGE_UNIT[K562+Jurkat],MASKED,HepG2,0.03957080709588369,0.3605800273675388,,,candidate-specific prediction cosine (x) vs effect-only BU@20 (y),sec:prediction-design
4,c-left,RIDGE_UNIT[K562+Jurkat@matched],MASKED,HepG2,-0.03673393663296309,0.17827528654596753,,,candidate-specific prediction cosine (x) vs effect-only BU@20 (y),sec:prediction-design
4,c-left,RIDGE_UNIT[RPE1+Jurkat],MASKED,HepG2,0.11450317577353489,0.3931294482153106,,,candidate-specific prediction cosine (x) vs effect-only BU@20 (y),sec:prediction-design
4,c-left,RIDGE_UNIT[RPE1+Jurkat@matched],MASKED,HepG2,0.09442846959796924,0.2927185607457817,,,candidate-specific prediction cosine (x) vs effect-only BU@20 (y),sec:prediction-design
4,c-left,RIDGE_UNIT[full],MASKED,HepG2,0.08424259129260028,0.3750138387234628,,,candidate-specific prediction cosine (x) vs effect-only BU@20 (y),sec:prediction-design
4,c-left,RIDGE_UNIT[full@matched],MASKED,HepG2,0.018501545385016766,0.18823014974836258,,,candidate-specific prediction cosine (x) vs effect-only BU@20 (y),sec:prediction-design
4,c-left,RIDGE_UNIT[STRING_only],MASKED,HepG2,0.0759369368645047,0.39664963282439836,,,candidate-specific prediction cosine (x) vs effect-only BU@20 (y),sec:prediction-design
4,c-left,RIDGE_UNIT[MAPKG_only],MASKED,HepG2,0.0548041009958286,0.24309061022260697,,,candidate-specific prediction cosine (x) vs effect-only BU@20 (y),sec:prediction-design
4,c-left,RIDGE_UNIT[rank64],MASKED,HepG2,0.09068194118615919,0.35649779915179575,,,candidate-specific prediction cosine (x) vs effect-only BU@20 (y),sec:prediction-design
4,c-left,RIDGE_UNIT[rank128],MASKED,HepG2,0.09059047690554077,0.3679232334042824,,,candidate-specific prediction cosine (x) vs effect-only BU@20 (y),sec:prediction-design
4,c-left,RIDGE_UNIT[rank512],MASKED,HepG2,0.07966443202232991,0.3812531379025637,,,candidate-specific prediction cosine (x) vs effect-only BU@20 (y),sec:prediction-design
4,c-left,RIDGE_UNIT[K562],MASKED,Jurkat,0.06115531860491177,0.31604865413605787,,,candidate-specific prediction cosine (x) vs effect-only BU@20 (y),sec:prediction-design
4,c-left,RIDGE_UNIT[K562@matched],MASKED,Jurkat,0.02583701241691716,0.19702580544230452,,,candidate-specific prediction cosine (x) vs effect-only BU@20 (y),sec:prediction-design
4,c-left,RIDGE_UNIT[RPE1],MASKED,Jurkat,0.00752072897968359,0.2340106140577211,,,candidate-specific prediction cosine (x) vs effect-only BU@20 (y),sec:prediction-design
4,c-left,RIDGE_UNIT[RPE1@matched],MASKED,Jurkat,0.0029469245849898314,0.16939408359804475,,,candidate-specific prediction cosine (x) vs effect-only BU@20 (y),sec:prediction-design
4,c-left,RIDGE_UNIT[HepG2],MASKED,Jurkat,0.024908531061944753,0.0957618659595135,,,candidate-specific prediction cosine (x) vs effect-only BU@20 (y),sec:prediction-design
4,c-left,RIDGE_UNIT[HepG2@matched],MASKED,Jurkat,0.024908531061944753,0.0957618659595135,,,"candidate-specific prediction cosine (x) vs effect-only BU@20 (y); duplicate fit, excluded from the within-context test",sec:prediction-design
4,c-left,RIDGE_UNIT[K562+RPE1],MASKED,Jurkat,0.0653631898314462,0.3820439530138651,,,candidate-specific prediction cosine (x) vs effect-only BU@20 (y),sec:prediction-design
4,c-left,RIDGE_UNIT[K562+RPE1@matched],MASKED,Jurkat,0.01119699818889913,0.14757885245027175,,,candidate-specific prediction cosine (x) vs effect-only BU@20 (y),sec:prediction-design
4,c-left,RIDGE_UNIT[K562+HepG2],MASKED,Jurkat,0.07240661062623231,0.3060699277323828,,,candidate-specific prediction cosine (x) vs effect-only BU@20 (y),sec:prediction-design
4,c-left,RIDGE_UNIT[K562+HepG2@matched],MASKED,Jurkat,0.02411486774410957,0.21147235234552617,,,candidate-specific prediction cosine (x) vs effect-only BU@20 (y),sec:prediction-design
4,c-left,RIDGE_UNIT[RPE1+HepG2],MASKED,Jurkat,0.030508792505814727,0.25055675373486236,,,candidate-specific prediction cosine (x) vs effect-only BU@20 (y),sec:prediction-design
4,c-left,RIDGE_UNIT[RPE1+HepG2@matched],MASKED,Jurkat,0.019176881337372807,0.12066907740991059,,,candidate-specific prediction cosine (x) vs effect-only BU@20 (y),sec:prediction-design
4,c-left,RIDGE_UNIT[full],MASKED,Jurkat,0.07507786851860608,0.3520176361840939,,,candidate-specific prediction cosine (x) vs effect-only BU@20 (y),sec:prediction-design
4,c-left,RIDGE_UNIT[full@matched],MASKED,Jurkat,0.007251396937727323,0.1249854714272213,,,candidate-specific prediction cosine (x) vs effect-only BU@20 (y),sec:prediction-design
4,c-left,RIDGE_UNIT[STRING_only],MASKED,Jurkat,0.0646258855993107,0.38160134568420545,,,candidate-specific prediction cosine (x) vs effect-only BU@20 (y),sec:prediction-design
4,c-left,RIDGE_UNIT[MAPKG_only],MASKED,Jurkat,0.03715246683429027,0.12038393005045306,,,candidate-specific prediction cosine (x) vs effect-only BU@20 (y),sec:prediction-design
4,c-left,RIDGE_UNIT[rank64],MASKED,Jurkat,0.07924546925026033,0.32399519352999195,,,candidate-specific prediction cosine (x) vs effect-only BU@20 (y),sec:prediction-design
4,c-left,RIDGE_UNIT[rank128],MASKED,Jurkat,0.07796609043389711,0.33875745110598005,,,candidate-specific prediction cosine (x) vs effect-only BU@20 (y),sec:prediction-design
4,c-left,RIDGE_UNIT[rank512],MASKED,Jurkat,0.06849918907702769,0.3668242968337838,,,candidate-specific prediction cosine (x) vs effect-only BU@20 (y),sec:prediction-design
4,c-right,rank 64,MASKED,RPE1,0.0020122217653619837,-0.023523136330011407,,,"within-atlas change: d prediction (x), d design (y)",sec:prediction-design
4,c-right,rank 64,MASKED,HepG2,0.006439349893558904,-0.01851603957166703,,,"within-atlas change: d prediction (x), d design (y)",sec:prediction-design
4,c-right,rank 64,MASKED,Jurkat,0.004167600731654245,-0.02802244265410192,,,"within-atlas change: d prediction (x), d design (y)",sec:prediction-design
4,c-right,rank 128,MASKED,RPE1,0.002338292222770856,-0.006479422578457683,,,"within-atlas change: d prediction (x), d design (y)",sec:prediction-design
4,c-right,rank 128,MASKED,HepG2,0.006347885612940488,-0.007090605319180376,,,"within-atlas change: d prediction (x), d design (y)",sec:prediction-design
4,c-right,rank 128,MASKED,Jurkat,0.0028882219152910338,-0.013260185078113829,,,"within-atlas change: d prediction (x), d design (y)",sec:prediction-design
4,c-right,rank 512,MASKED,RPE1,-0.0031217466001111013,0.004462508378482999,,,"within-atlas change: d prediction (x), d design (y)",sec:prediction-design
4,c-right,rank 512,MASKED,HepG2,-0.004578159270270374,0.006239299179100932,,,"within-atlas change: d prediction (x), d design (y)",sec:prediction-design
4,c-right,rank 512,MASKED,Jurkat,-0.006578679441578389,0.01480666064968994,,,"within-atlas change: d prediction (x), d design (y)",sec:prediction-design
4,c-right,STRING only,MASKED,RPE1,-0.007034046815111002,0.01985299264414389,,,"within-atlas change: d prediction (x), d design (y)",sec:prediction-design
4,c-right,STRING only,MASKED,HepG2,-0.008305654428095582,0.02163579410093558,,,"within-atlas change: d prediction (x), d design (y)",sec:prediction-design
4,c-right,STRING only,MASKED,Jurkat,-0.010451982919295374,0.029583709500111577,,,"within-atlas change: d prediction (x), d design (y)",sec:prediction-design
4,c-right,MAP-KG only,MASKED,RPE1,-0.01892072294219818,-0.06285871894127987,,,"within-atlas change: d prediction (x), d design (y)",sec:prediction-design
4,c-right,MAP-KG only,MASKED,HepG2,-0.02943849029677168,-0.1319232285008558,,,"within-atlas change: d prediction (x), d design (y)",sec:prediction-design
4,c-right,MAP-KG only,MASKED,Jurkat,-0.03792540168431581,-0.23163370613364082,,,"within-atlas change: d prediction (x), d design (y)",sec:prediction-design
