source_in_worktree	release_path	sha256
Paper/figures/data/display_v2_data.json	paper_assets/figures/data/display_v2_data.json	d7533b4730d513f41d08f31562d5b2827b9e0cf626c3f189911600bf18797922
Paper/figures/data/display_v2_source_data.csv	paper_assets/figures/data/display_v2_source_data.csv	87fb75ab3816a3738dd5ff5a87a56afcd74a39f90f992a8f196b2308ed2fcba3
Paper/figures/data/fig2_hero_data.json	paper_assets/figures/data/fig2_hero_data.json	323e0917a8e5b7d2499a340a5f5465c16b44334ff5fc59c1aed81fd725ff0260
Paper/figures/data/fig2_k562_rows.json	paper_assets/figures/data/fig2_k562_rows.json	e6d7e226cbb73bf0ebbdfd453fd84bdbd5d456ba02e6f8e30fc5d23fcc748622
Paper/figures/data/fig2_source_data.csv	paper_assets/figures/data/fig2_source_data.csv	ca81bd7f989d78805d259636ac8710e9a590da98a07800c969ba2dc3245e09cf
Paper/figures/data/fig3_generalization_data.json	paper_assets/figures/data/fig3_generalization_data.json	044161ccce648ef0bf0dbd0d8a03a2195e9583e9517fbbfe1ed99ef90d99e4aa
Paper/figures/data/fig3_regime_rows.json	paper_assets/figures/data/fig3_regime_rows.json	0ba615fca2f5af59de9edb23da1671dce4da81dc94d5ba51cad38c6cb952fa4b
Paper/figures/data/fig3_source_data.csv	paper_assets/figures/data/fig3_source_data.csv	f416ced39ebd50225c439ff0604703e648d296e7995b676192c791a09f79e0b7
Paper/figures/data/fig4_collision_audit.json	paper_assets/figures/data/fig4_collision_audit.json	edfa017c3d617d1ff1b8aa28a245437afd3ea2cf2a386c6a0a6d6d3e07d00fb3
Paper/figures/data/fig4_diagnosis_data.json	paper_assets/figures/data/fig4_diagnosis_data.json	8c92a85ae89a64f5a3870aa9723f7568bac412f0b204dd468d54fd141f2cf85d
Paper/figures/data/fig4_diagnostic_rows.json	paper_assets/figures/data/fig4_diagnostic_rows.json	13b0677a773587e7fec56f69d3c508964406d4eedd725d87745811c3293e4835
Paper/figures/data/fig4_source_data.csv	paper_assets/figures/data/fig4_source_data.csv	1ceace55b1690b403072ae66e8ef3c60f9ddff305935ff4c2deab6f4b487f5bf
Paper/figures/data/fig4_source_data.qa.json	paper_assets/figures/data/fig4_source_data.qa.json	3b63f2f62ed815032d7335a5a858ec7a597d4d24500d5d1922927886c718bbe4
Paper/figures/data/figS_atlas_context_data.json	paper_assets/figures/data/figS_atlas_context_data.json	a3fdce91d087585dff26209a64cf07b693f805a914a08a55edaba39b631c5c13
Paper/figures/data/figS_vocab_scaling_data.json	paper_assets/figures/data/figS_vocab_scaling_data.json	5c90c08dc952203fc8665e8bd409061454f42c89bb3690af35b8d21ff82927df
Paper/figures/data/figure_3_source.json	paper_assets/figures/data/figure_3_source.json	ac33ad2e4c7724f1b5dea9d7077f161690bd2034c4dbc263f8b2f08871284ebf
Paper/figures/data/figure_4_source.json	paper_assets/figures/data/figure_4_source.json	860ad94b788eb0f533726d8aa968488cf50ede3319316b055c49a04c68db2fec
Paper/figures/data/scaling_contexts.csv	paper_assets/figures/data/scaling_contexts.csv	19afebbd23b861031f062b6347358df50ea0b39bb2ed537d1b195b26ce399ab3
Paper/figures/data/scaling_matched.csv	paper_assets/figures/data/scaling_matched.csv	4f64f5aa0fd40fb7e6f9093f44ad885e930e8e3400eb89e8eb8a11cc1f28a55f
Paper/figures/scripts/build_display_v2_data.py	paper_assets/figures/scripts/build_display_v2_data.py	99c33a7834fcb56e5021b2b69bb09f299ed7de626a4cc45a245cfcf853e8b8b9
Paper/figures/scripts/build_fig2_data.py	paper_assets/figures/scripts/build_fig2_data.py	6522c27d89b7fe51fcc8abce337047cacd22bf10753745219f7fe2933697dc00
Paper/figures/scripts/build_fig3_data.py	paper_assets/figures/scripts/build_fig3_data.py	0306d1f99ae29fe89b8079907402737f50896353a84c96e185d6514d9a781fc8
Paper/figures/scripts/build_fig4_data.py	paper_assets/figures/scripts/build_fig4_data.py	d04c04442ca63a58206d2d1b112668b7bcdb321f92a8bbd8cb4c047aa2f8d1f5
Paper/figures/scripts/extract_fig2_rows.py	paper_assets/figures/scripts/extract_fig2_rows.py	aa30b98407727a940768ea7fa58f7690d40607dccd8a3911c597e7da43d0ab55
Paper/figures/scripts/extract_fig3_rows.py	paper_assets/figures/scripts/extract_fig3_rows.py	1e3ce50cf5be9c08e49b8b3cf1cfd6d77239dd27deef5ca565c4d548eab2d715
Paper/figures/scripts/extract_fig4_rows.py	paper_assets/figures/scripts/extract_fig4_rows.py	66a373e16c2a2bd32fcafbe767565004a404297de9c04cf7e046887c750d5380
Paper/figures/scripts/figstyle.py	paper_assets/figures/scripts/figstyle.py	c5d526915f14d9c546b8e311a2ede4594d9591beed3b5e16ec628d252fb39740
Paper/figures/scripts/figstyle_v2.py	paper_assets/figures/scripts/figstyle_v2.py	59dec34317500186c079f42e7c61aca2f6f0e01dc40d6197282a0ecf8664876b
Paper/figures/scripts/plot_fig2_hero.py	paper_assets/figures/scripts/plot_fig2_hero.py	9db8065df56665a4b938d7c5bae43a316f2fb47a2c35c73e20e28a00e82c6475
Paper/figures/scripts/plot_fig2_v2.py	paper_assets/figures/scripts/plot_fig2_v2.py	7ea2503efbcd561593cd4ac7e373be25323f64a3ea0aade722849d0d58a4bf35
Paper/figures/scripts/plot_fig3_generalization.py	paper_assets/figures/scripts/plot_fig3_generalization.py	699e79199bbf677f33d3751c2cbb3510eaa2c5bcde3757982f96d55897bc8dfd
Paper/figures/scripts/plot_fig3_v2.py	paper_assets/figures/scripts/plot_fig3_v2.py	a6d8ca26736baacaa295926ad4408440b8b9ba3c8b5bdeea5bbc484b865581a4
Paper/figures/scripts/plot_fig4_diagnosis.py	paper_assets/figures/scripts/plot_fig4_diagnosis.py	7568e4516721014ccf3615ef872cb532e16587911ebb6773a84ba53e742127aa
Paper/figures/scripts/plot_fig4_v2.py	paper_assets/figures/scripts/plot_fig4_v2.py	6fe55f0726b0e2d043a19326a754687b79d0bfecc02241f45c97932f460be9ab
Paper/figures/scripts/plot_figS_atlas_context.py	paper_assets/figures/scripts/plot_figS_atlas_context.py	9549925a25641c136d6299748e35cffc320224348df1a2c2e7a470acb7415d38
Paper/figures/scripts/plot_figS_vocab_scaling.py	paper_assets/figures/scripts/plot_figS_vocab_scaling.py	5210e81875a0c408394d2dd85cf8ba9799e10534125851f88599d1a6c069a69a
Paper/supplementary/data/SHA256SUMS	paper_assets/supplementary/data/SHA256SUMS	982f74ed08907c213b09346b0df9f24c1af6e35995ccd1eb843fb924d8647487
Paper/supplementary/data/cellnavi_identification_companion.csv	paper_assets/supplementary/data/cellnavi_identification_companion.csv	471387dfab675e5f4d9a045834738e77aa4660bbec6a01707809eb31ed11a04a
Paper/supplementary/data/compatibility_reproduction.csv	paper_assets/supplementary/data/compatibility_reproduction.csv	ed60f436dfde51e235c6d44a3d70f7638497f4c886dc449c61cb2062098ae083
Paper/supplementary/data/external_baseline_closure_v1.json	paper_assets/supplementary/data/external_baseline_closure_v1.json	646ae1787d90a8bf6408449c2c7219c7961152c941d203b5a44922af0bd47e8c
Paper/supplementary/data/external_baseline_contrasts.csv	paper_assets/supplementary/data/external_baseline_contrasts.csv	48eb7c651a941dc9aa04e74458175c5832cc7305c3868350179d30c6cad8034c
Paper/supplementary/data/external_baseline_levels.csv	paper_assets/supplementary/data/external_baseline_levels.csv	7fc88f58744b5979383a7d5f02028f196ad819cdf2d4728c4375fb231c649c47
Paper/supplementary/data/open_vocabulary_retention.csv	paper_assets/supplementary/data/open_vocabulary_retention.csv	4640bbe64f48f5b5090a429b0432db83d637aca7c4456216a9e5c595a1c607fa
Paper/supplementary/data/phr20_contrasts.csv	paper_assets/supplementary/data/phr20_contrasts.csv	864cca991a3b0e35dd5705d879c18c9516300f7cf093a0d94f1e9e76a840ca15
Paper/supplementary/data/phr20_coverage.csv	paper_assets/supplementary/data/phr20_coverage.csv	3a2502db5e203b4ce7e7f7521203f392edf8155ea28cec1cc480eccd3482f735
Paper/supplementary/data/phr20_levels.csv	paper_assets/supplementary/data/phr20_levels.csv	9fdcefbd424fcb0c58d21acb494fb56e4995fd5d57b72de21eeb2035276c9909
Paper/supplementary/data/prediction_design_summary.csv	paper_assets/supplementary/data/prediction_design_summary.csv	4b9dd40934c723a3f811c0f9a8a30cd48475eb25bfc13d12f09d03982773c356
Paper/supplementary/scripts/export_external_closure.py	paper_assets/supplementary/scripts/export_external_closure.py	d2994d427e53e44ff6b5e8f28bb1cb23d0f1bca7073348ed35e4d087a973cb20
Paper/tables/tab_ablation.tex	paper_assets/tables/tab_ablation.tex	5669c9ae0f116f1cdc16235f0b04784f02e1f8377fb194c42348f6848cc8c100
Paper/tables/tab_context.tex	paper_assets/tables/tab_context.tex	909724bce2e78aadea3de5400b6b6bbe786401ab3b6f863555e44052d043f732
Paper/tables/tab_external.tex	paper_assets/tables/tab_external.tex	80aaa91f7ab38b2a5ee0407e55f18687e5c0b79c4dc512e88630557bf7d4b2b5
Paper/tables/tab_main.tex	paper_assets/tables/tab_main.tex	a2f08e7e59eb36217b324ffb8268dac51751f2a22deb1ed2acc3551b1838f957
Paper/tables/tab_masking.tex	paper_assets/tables/tab_masking.tex	28aebf33d78868422442231e4ef679ee1d467f2cbf877912e8d96b5d5e332569
Paper/tables/tab_solvers.tex	paper_assets/tables/tab_solvers.tex	b17412671b45efde3ff6c714671dba7ffe637a42bb90f4623bb6f11c2370a18c
gene_open_inverse/action_conditioned_utility_v1/__init__.py	src/gene_open_inverse/action_conditioned_utility_v1/__init__.py	75e0fc0a204c647b440550c066bea40a9d754ab6746ed4093948f5972b69e423
gene_open_inverse/action_conditioned_utility_v1/contract.py	src/gene_open_inverse/action_conditioned_utility_v1/contract.py	6ab8c93b8819810abe17eb94218c833bb2d5045694e8254f5e1332a3145edd63
gene_open_inverse/action_conditioned_utility_v1/evaluate.py	src/gene_open_inverse/action_conditioned_utility_v1/evaluate.py	f4c87432294604aa06b02b75f2d981929755648ed823b2c2f9683fb0fd209191
gene_open_inverse/candidate_effect_distillation_v1/__init__.py	src/gene_open_inverse/candidate_effect_distillation_v1/__init__.py	288687b7fe18688ebede99c80becb0c668bbee6ac27e9fd514c3aebefe280a76
gene_open_inverse/candidate_effect_distillation_v1/basis.py	src/gene_open_inverse/candidate_effect_distillation_v1/basis.py	5ba33b9f75b9996bcbaf3e136ee70998cf7bad503378364f77767f85a8e1296e
gene_open_inverse/candidate_effect_distillation_v1/contract.py	src/gene_open_inverse/candidate_effect_distillation_v1/contract.py	54ed0af29ce459e61a1b349acc01f61e5f3fb01b43836c42b493b430d64c1d85
gene_open_inverse/candidate_effect_distillation_v1/fuse.py	src/gene_open_inverse/candidate_effect_distillation_v1/fuse.py	4bd01f774230eb2840b6fd54ff85550c78cb72d0b9a33ab57ae0f33103ea09a0
gene_open_inverse/candidate_effect_distillation_v1/predictor.py	src/gene_open_inverse/candidate_effect_distillation_v1/predictor.py	2f74922018332dea23e9b77b4a99a9a29b774da819a217fd9dbed8bc0f9af3d2
gene_open_inverse/candidate_effect_distillation_v1/run.py	src/gene_open_inverse/candidate_effect_distillation_v1/run.py	5cf6ee04e722b07ce3558856260b866df2db719ebf3d47aa0e78c768c026294a
gene_open_inverse/candidate_effect_distillation_v1/test_protocol.py	src/gene_open_inverse/candidate_effect_distillation_v1/test_protocol.py	359e350d74c303563dd31f90076b52d9c1209d2e7b3da33f3d17e4bdca8e89ef
gene_open_inverse/external_context_v1/transfer.py	src/gene_open_inverse/external_context_v1/transfer.py	a93f2b0627d8468ae5d425c04bad8791f6e621d63fcba8ae1587d7e929c5a91b
gene_open_inverse/final_clean_model_v1/__init__.py	src/gene_open_inverse/final_clean_model_v1/__init__.py	b441cd39e78c6ff4f6f595771793535bf8bbd258336184a538f4a5819a60096f
gene_open_inverse/final_clean_model_v1/contract.py	src/gene_open_inverse/final_clean_model_v1/contract.py	402e4dc24d2bc7af5379200b23089274ad8dc24dce341e9d080b1f57a5630a28
gene_open_inverse/final_clean_model_v1/gcheck.py	src/gene_open_inverse/final_clean_model_v1/gcheck.py	276e8a3defb67ee95b101115159c9cba7be32a64b6f89f51ee374726aeeeec6a
gene_open_inverse/final_clean_model_v1/lock.py	src/gene_open_inverse/final_clean_model_v1/lock.py	5cf0aebda1cf4661ef124b0709cbe432f2a971c3a85b185d6ba76f554a6c12a6
gene_open_inverse/final_clean_model_v1/model.py	src/gene_open_inverse/final_clean_model_v1/model.py	350e14b10fc542a79573d42172debaa2eaf61204264516b7b95ba1290ff717bc
gene_open_inverse/final_clean_model_v1/scoring.py	src/gene_open_inverse/final_clean_model_v1/scoring.py	d472f418cae09ce8b722be1b9e0a43a317a097aef887eca9896e3040e02cc03b
gene_open_inverse/final_clean_model_v1/select.py	src/gene_open_inverse/final_clean_model_v1/select.py	bf96b4977cc5b82bfb48e215fdf2373ff256744c748bbf2b707d6a9ee77d5184
gene_open_inverse/final_clean_model_v1/test_protocol.py	src/gene_open_inverse/final_clean_model_v1/test_protocol.py	3aeafdd4e14a36be1530e279a8e70db7459aaf2e92e5b63bc17f5dca9f76bc97
gene_open_inverse/final_clean_model_v1/train.py	src/gene_open_inverse/final_clean_model_v1/train.py	b912682736cfc2d68e02cdc3dc4fb2ee9ff083afa7b85e9c8c6d71e30e4cab9d
gene_open_inverse/four_context_v1/__init__.py	src/gene_open_inverse/four_context_v1/__init__.py	5e64b3f9023f4fe7c919e33db18f023890b33a7113cddae0006cc84473e8544f
gene_open_inverse/four_context_v1/audit.py	src/gene_open_inverse/four_context_v1/audit.py	0ee69e41fa313ee162357ac8190b76b3fecdc8718a61a48952ee569fc7a9f6da
gene_open_inverse/four_context_v1/audit_doc.py	src/gene_open_inverse/four_context_v1/audit_doc.py	3e42a19bec12b27fa96de32e16d0c9909b7472756fe71a0e975677b2aa6e6664
gene_open_inverse/four_context_v1/build.py	src/gene_open_inverse/four_context_v1/build.py	6908488a497be4321aebbb96f068b9d3170e483a26eece2a8b370d80db1bfe77
gene_open_inverse/four_context_v1/contexts.py	src/gene_open_inverse/four_context_v1/contexts.py	ff83b698d62d812182e8d7527d6b6207226429dd389d6fc17b0640c432ea0639
gene_open_inverse/four_context_v1/contract.py	src/gene_open_inverse/four_context_v1/contract.py	af4988a5eabaef97684007eec271e97ec92e3e858c8fa7260037fdc74bc242f5
gene_open_inverse/four_context_v1/dataset_doc.py	src/gene_open_inverse/four_context_v1/dataset_doc.py	f0f8e2f3668839153e2f152e2a598ef4830e2e284e81f7ba5c1dbe679380f3e1
gene_open_inverse/four_context_v1/dualguide.py	src/gene_open_inverse/four_context_v1/dualguide.py	f0852d7e22a5d2c89ec0cccb21e77c48b14b02b2dc0cd67f7c238af9ff10f0e9
gene_open_inverse/four_context_v1/evaluate.py	src/gene_open_inverse/four_context_v1/evaluate.py	fb0be9a90beffb6bdfe4f1d4f6099b6c591d5173bc9fc24e4f233a2ce0192b53
gene_open_inverse/four_context_v1/genes.py	src/gene_open_inverse/four_context_v1/genes.py	18dfe776adde43b2647fc5551f88bef43e3d18ea67e04cba3bae928932b10ca0
gene_open_inverse/four_context_v1/harness.py	src/gene_open_inverse/four_context_v1/harness.py	1478f7701d775d554948996fbdaeeb945385eeb45a53c6eeae16265e06894e55
gene_open_inverse/four_context_v1/identifiability.py	src/gene_open_inverse/four_context_v1/identifiability.py	f15a1ddd60746231d87c7d6de72c163489aeffef1300bf94f6b669c6761cc747
gene_open_inverse/four_context_v1/loco.py	src/gene_open_inverse/four_context_v1/loco.py	58ca895f6da9b383521457f0179788df7d189f5ced8940ae4b0cc0c9d134fc01
gene_open_inverse/four_context_v1/manifest.py	src/gene_open_inverse/four_context_v1/manifest.py	5f21baec3b6bb494a4abfef7c758f62b1a72144bafe6eb6419b15d8840c99562
gene_open_inverse/four_context_v1/matched.py	src/gene_open_inverse/four_context_v1/matched.py	f0aafd2f75749b3351a6498659bf18d4c8fc7925b3268d7c73ef3e076c0bab7f
gene_open_inverse/four_context_v1/overlap.py	src/gene_open_inverse/four_context_v1/overlap.py	b13cdba9aba438af147cba9f2d6bb85cecd38a3ed6bc11257ca086090c2be4c3
gene_open_inverse/four_context_v1/predictors.py	src/gene_open_inverse/four_context_v1/predictors.py	7b046672f3c9f23ac98ae1c4f03ab6ca0bb15a44f0841e6e69d6f8001b16a635
gene_open_inverse/four_context_v1/residual.py	src/gene_open_inverse/four_context_v1/residual.py	d94a79f86e99efc6a6c718fda611d3db6004ad6b82eee45769de9a31a736143a
gene_open_inverse/four_context_v1/scaling.py	src/gene_open_inverse/four_context_v1/scaling.py	e342e83186634edb7dfe252f5016e92d84e0b91233b6c8774b90ed217681cacc
gene_open_inverse/four_context_v1/selftest_phases.py	src/gene_open_inverse/four_context_v1/selftest_phases.py	69572627be9c6c6d0e972c96dd4a310f7c4f3d47757a3ad61030417e89ac7355
gene_open_inverse/four_context_v1/smoke.py	src/gene_open_inverse/four_context_v1/smoke.py	d124a7b93f35c7e39f028de615cd7fd9182bcca6c3668dbac6af54a8c08ffc39
gene_open_inverse/four_context_v1/storage.py	src/gene_open_inverse/four_context_v1/storage.py	dcd63119d5cb5768c25f21672fb0734afd98f62c9e2020702eda13e9d95e291a
gene_open_inverse/four_context_v1/test_protocol.py	src/gene_open_inverse/four_context_v1/test_protocol.py	37927a1a98e0f236c7724dde7b97ba10a12c9821aa78968b35fad88e613ce0dd
gene_open_inverse/four_context_v1/v2.py	src/gene_open_inverse/four_context_v1/v2.py	1aa21f8105eda6fa0571a097f779dda82cb76134651f79f73fe905d3cf6384f9
gene_open_inverse/four_context_v1/verify_build.py	src/gene_open_inverse/four_context_v1/verify_build.py	86b3b4691e72daeef3a48d8c8f2cf96dd2aca4c088b16fa83a977a25ae967821
gene_open_inverse/model/decision_aligned_sampler_v1/evaluate.py	src/gene_open_inverse/model/decision_aligned_sampler_v1/evaluate.py	1d20123e9b275cad3039bee6f73d877e7e1b843ca4006a71bf5a2627e36c8079
gene_open_inverse/model/decision_alignment_v1/assets.py	src/gene_open_inverse/model/decision_alignment_v1/assets.py	7cd59a8711b7fe76de1ebfa0123237c3485d8b42313634423b12745835167602
gene_open_inverse/model/decision_alignment_v1/contract.py	src/gene_open_inverse/model/decision_alignment_v1/contract.py	83c57416866db4e6fb4f2b09daba2f1edc0c78ba26c4ae4745904efa25ef1778
gene_open_inverse/model/global_objective_knowledge_attribution_v1/assets.py	src/gene_open_inverse/model/global_objective_knowledge_attribution_v1/assets.py	2d6d93d5a1292991ca1762e6b58a88d05decf396940b73a5289ffd72cb557826
gene_open_inverse/model/global_objective_knowledge_attribution_v1/model.py	src/gene_open_inverse/model/global_objective_knowledge_attribution_v1/model.py	8f1465e5c5b0d81b48470d60d55014e5507c63c6597356c4c35f4f7292547fa4
gene_open_inverse/model/global_objective_knowledge_attribution_v1/train_factorial.py	src/gene_open_inverse/model/global_objective_knowledge_attribution_v1/train_factorial.py	f4dee58f5388487e97c6578ce27f4232f05c461bef2baaff011cf412bb575879
gene_open_inverse/model/open_vocab_dual_encoder_v1/data.py	src/gene_open_inverse/model/open_vocab_dual_encoder_v1/data.py	6301688d63144f2e888c66678188bce9189b7e0101fbeb841ec6044627a0516c
gene_open_inverse/model/open_vocab_dual_encoder_v1/loss.py	src/gene_open_inverse/model/open_vocab_dual_encoder_v1/loss.py	1f35034d321eeb5382ebe2c2f14f4c671ce59bd55aeee378f682ef8046ce5ff5
gene_open_inverse/model/open_vocab_dual_encoder_v1/metrics.py	src/gene_open_inverse/model/open_vocab_dual_encoder_v1/metrics.py	827879a09375cff29fd76d27e2ee15ae2262e9db8ab981dcd98213599f066df2
gene_open_inverse/model/open_vocab_dual_encoder_v1/model.py	src/gene_open_inverse/model/open_vocab_dual_encoder_v1/model.py	bfc915b534d3ccc1a237fc5e5b0c82773f348f6a34c33c65d210596218c7af62
gene_open_inverse/model/query_conditional_capacity_v1/__init__.py	src/gene_open_inverse/model/query_conditional_capacity_v1/__init__.py	f4d2635b830442f7f2b2b4a00aac017dd9b2c1f7461fa2ee2db41408baf8d80e
gene_open_inverse/model/query_conditional_capacity_v1/pairs.py	src/gene_open_inverse/model/query_conditional_capacity_v1/pairs.py	f4bb59971f736a35c7eed3f2c228beeb3ae9da76124d77dbde91ca36da302347
gene_open_inverse/model/query_conditional_capacity_v1/probes.py	src/gene_open_inverse/model/query_conditional_capacity_v1/probes.py	36ef25557225f40fc3737c2c20ec365d6105c667762dbd5701c8da15874a4dc8
gene_open_inverse/model/query_conditional_capacity_v1/run.py	src/gene_open_inverse/model/query_conditional_capacity_v1/run.py	91610e038b39d40a577122b4b8e560397bb9f33820d56caf70ba37c9eea8363d
gene_open_inverse/model/structured_requirement_capability_energy_v2/gene_tokenizer.py	src/gene_open_inverse/model/structured_requirement_capability_energy_v2/gene_tokenizer.py	2f1cc4e2f2a33a3c8a5ed3112eebadb49103e189e23fba7fadb1dfe401ea367e
gene_open_inverse/model/structured_requirement_capability_energy_v2/knowledge.py	src/gene_open_inverse/model/structured_requirement_capability_energy_v2/knowledge.py	5396a9540a554c0ef2e7a76391856eddaee3fedd54980dbdb6a4b0e64123f28e
gene_open_inverse/model/structured_requirement_capability_energy_v2/loss.py	src/gene_open_inverse/model/structured_requirement_capability_energy_v2/loss.py	492546e2275b07999ac0195e0872a3f9c49d263dc619dfdc9558c09b7a15af9e
gene_open_inverse/open_vocab_generalization_v1/__init__.py	src/gene_open_inverse/open_vocab_generalization_v1/__init__.py	7d8de316e11a42b42dd28dfd3f34788561960366a3e1e5f8a556741847a90e58
gene_open_inverse/open_vocab_generalization_v1/contract.py	src/gene_open_inverse/open_vocab_generalization_v1/contract.py	3f85b4df6293abe3d16d06bb0ad27844a442a5358c17b4b37e2db822a0dec061
gene_open_inverse/open_vocab_generalization_v1/leverage_sensitivity.py	src/gene_open_inverse/open_vocab_generalization_v1/leverage_sensitivity.py	3d49040c622ac4cb48333737042445f738dc374add41763bb2b9c7694d1866ab
gene_open_inverse/open_vocab_generalization_v1/masking.py	src/gene_open_inverse/open_vocab_generalization_v1/masking.py	fec1936d7850ff5e3fc3930119c1671229432a8244cab725c11a6fc9da7df8c6
gene_open_inverse/open_vocab_generalization_v1/mixture.py	src/gene_open_inverse/open_vocab_generalization_v1/mixture.py	598606cfe3f2f3072830e14f25a665ade01d460b957ce0bd62276337d93715f0
gene_open_inverse/open_vocab_generalization_v1/natural.py	src/gene_open_inverse/open_vocab_generalization_v1/natural.py	e93be89fc7618fa927da31e5bb852252847f6e4160fd6e49e8fc93174fb7c863
gene_open_inverse/open_vocab_generalization_v1/poolsize.py	src/gene_open_inverse/open_vocab_generalization_v1/poolsize.py	eb8a45e4f9a2a8b0e650a9bd7706019882f9ac0f34e50e284f2ef4d23a1cf767
gene_open_inverse/open_vocab_generalization_v1/support.py	src/gene_open_inverse/open_vocab_generalization_v1/support.py	65c2760c7fcd7a546a9cc61a6b29b2153cfb3d7f86c3311b9d67af2aa5a29845
gene_open_inverse/open_vocab_generalization_v1/test_protocol.py	src/gene_open_inverse/open_vocab_generalization_v1/test_protocol.py	008174c1d4b5a1939c5d14fd78329f5472490db8757ee1da7091e753157a9a0b
gene_open_inverse/open_vocab_generalization_v1/verify_masking.py	src/gene_open_inverse/open_vocab_generalization_v1/verify_masking.py	b9975dc54c69e0089a0f69ddcfb1b8e13263d1ab8798d5c0390a1da75ae97937
gene_open_inverse/utility_gt_v2/__init__.py	src/gene_open_inverse/utility_gt_v2/__init__.py	c71824c1109fbb11f2012aed8f34fbd0ab13ae9d9cec34799d4b8af51732be76
gene_open_inverse/utility_gt_v2/contract.py	src/gene_open_inverse/utility_gt_v2/contract.py	bc1a2abfd3ddd1cda47e08126184666ed86f98d23fc51bdc41abc236d6a5be55
gene_open_inverse/utility_gt_v2/validate.py	src/gene_open_inverse/utility_gt_v2/validate.py	dbe7014152dec8281ef3acc1fed132bc9ee0636b79234c90818f450f13dc0c74
Paper/supplementary/README.md	paper_assets/supplementary/README.md	1addee1c182eab3f5e97bc8a85457fbb88bfbdfb48e32aec3ef7e0af1889a84b
gene_open_inverse/external_context_v1/__init__.py	src/gene_open_inverse/external_context_v1/__init__.py	c562f19b80c4d77ffc56b5d955e9ae3ac5c6a34caedbd6c44d4fc1bce41e56e1
gene_open_inverse/external_context_v1/build.py	src/gene_open_inverse/external_context_v1/build.py	11d11f45b28a1a9195961dd7a1388f810b1aa88f615874d4367f0088ec9ed697
gene_open_inverse/external_context_v1/contract.py	src/gene_open_inverse/external_context_v1/contract.py	ee0b36b07f3694a170ba0bb6a70d2b19589827a58b360bd8d07a02466e0167c5
gene_open_inverse/external_context_v1/joint.py	src/gene_open_inverse/external_context_v1/joint.py	cc358efbb00cf35be7fbdfd3520e8c8e9e40236ee3825bfa15ca2f8d91b44f31
gene_open_inverse/external_context_v1/test_protocol.py	src/gene_open_inverse/external_context_v1/test_protocol.py	e18f3e6ea2c7367fbbfcf251a2fd44c3a349c7a6ff0a8093494d84a39c6c3b93
gene_open_inverse/external_context_v1/zeroshot.py	src/gene_open_inverse/external_context_v1/zeroshot.py	11485f7b8492573fff12d0de9a88ab6274770ecaeb7599be4ae0f525a64ec18e
gene_open_inverse/measurement_v2_quad/split.py	src/gene_open_inverse/measurement_v2_quad/split.py	705a873b490508da6bbb746e4293c9d132150a0c5c72d88bec559c97ce5b2a74
gene_open_inverse/model/candidate_knowledge_v1/__init__.py	src/gene_open_inverse/model/candidate_knowledge_v1/__init__.py	476156d6cf8a8d2bdf012722f18dcf5c59bb86be09a26a5a440a431c3b863c22
gene_open_inverse/model/candidate_knowledge_v1/build_features.py	src/gene_open_inverse/model/candidate_knowledge_v1/build_features.py	510130e715a0cd5e2d73c43be4e97b8fa0b39e06ca5e9c1365d3a2f0b419162d
gene_open_inverse/model/candidate_knowledge_v1/common.py	src/gene_open_inverse/model/candidate_knowledge_v1/common.py	bebdfe50f76b280a0a55790d13ada326b479569fc69aa324ebc805ee975daec5
gene_open_inverse/model/candidate_knowledge_v1/fit_select.py	src/gene_open_inverse/model/candidate_knowledge_v1/fit_select.py	253a18d97d6173dd7a50def8fd5d5537ff15064b82687894b8c42bbad55a43e0
gene_open_inverse/model/candidate_knowledge_v1/freeze.py	src/gene_open_inverse/model/candidate_knowledge_v1/freeze.py	1326de28c46d0a211fbbeaab03b5ce8eea9612b2de3663af5c68d8d3c31181d5
gene_open_inverse/model/candidate_knowledge_v1/lock.py	src/gene_open_inverse/model/candidate_knowledge_v1/lock.py	34771ddd73667516629c6f048d209d991b446eaacf3faa996e9deb14a042918f
gene_open_inverse/model/candidate_knowledge_v1/report.py	src/gene_open_inverse/model/candidate_knowledge_v1/report.py	8f928c21aa8acb30601c1575020d11411de3d2e90501fc87afcf4e7b5eb45fe1
gene_open_inverse/model/candidate_knowledge_v1/score.py	src/gene_open_inverse/model/candidate_knowledge_v1/score.py	83a2f0afd77d2c11eb91619e46bca75d5d52583c9ae58f0830f022d223905c0b
gene_open_inverse/model/candidate_knowledge_v1/test_protocol.py	src/gene_open_inverse/model/candidate_knowledge_v1/test_protocol.py	1af36605d8106667f9339477c81e219e1952756a32560dd1a46defaec41e8217
gene_open_inverse/model/candidate_knowledge_v1/verify.py	src/gene_open_inverse/model/candidate_knowledge_v1/verify.py	5d4719c78703073bfa51f516130a8c6d0e4ec8fb215d8959ea500a8a34d7fb56
gene_open_inverse/model/mapkg_candidate_adjudication_v1/__init__.py	src/gene_open_inverse/model/mapkg_candidate_adjudication_v1/__init__.py	ff105bd4c89f2521e1374c7bfbe5667dc4fc5ee17246c4d7054220d915648bea
gene_open_inverse/model/mapkg_candidate_adjudication_v1/build_features.py	src/gene_open_inverse/model/mapkg_candidate_adjudication_v1/build_features.py	7862eddbf7d350ac59577a3ce2d1ceebeac005b77a4628dd060fa173a9f877c3
gene_open_inverse/model/mapkg_candidate_adjudication_v1/common.py	src/gene_open_inverse/model/mapkg_candidate_adjudication_v1/common.py	7039dc9d67961e8897709ade056e9f7c174cb342667b841185d59db534b2b412
gene_open_inverse/model/mapkg_candidate_adjudication_v1/fit_select.py	src/gene_open_inverse/model/mapkg_candidate_adjudication_v1/fit_select.py	e5e393157c5c28af36f00657a1a061715d304d309deafe0d0f8209e40b96f11a
gene_open_inverse/model/mapkg_candidate_adjudication_v1/freeze.py	src/gene_open_inverse/model/mapkg_candidate_adjudication_v1/freeze.py	87ed21bd806996896cee7fe186b2b2a4612e0cd76e5edd81047a4709b08f2b4b
gene_open_inverse/model/mapkg_candidate_adjudication_v1/lock.py	src/gene_open_inverse/model/mapkg_candidate_adjudication_v1/lock.py	bd4cd22aeec25b2d089c306ae319c543e75af845a3a0f98a8c4c9d0c6d5f7a04
gene_open_inverse/model/mapkg_candidate_adjudication_v1/make_split.py	src/gene_open_inverse/model/mapkg_candidate_adjudication_v1/make_split.py	75c7cc13f090327a3a8f5fbd4d7b501c58b178c02adb6e3ba5a0ce47a5652db0
gene_open_inverse/model/mapkg_candidate_adjudication_v1/prepare.py	src/gene_open_inverse/model/mapkg_candidate_adjudication_v1/prepare.py	45124a0b4bfe402d6f15b5165dde033842208f2d8bf475acc20d592489839ac7
gene_open_inverse/model/mapkg_candidate_adjudication_v1/report.py	src/gene_open_inverse/model/mapkg_candidate_adjudication_v1/report.py	7bb23c03e2d131938ec7a53fd1aa13dfbb5813bf80dea4d06b45c121e2687c0c
gene_open_inverse/model/mapkg_candidate_adjudication_v1/score.py	src/gene_open_inverse/model/mapkg_candidate_adjudication_v1/score.py	e08a0c910032f4413bde00b8995406f31fe13a43c3641e88b0380358f20cc01c
gene_open_inverse/model/mapkg_candidate_adjudication_v1/test_protocol.py	src/gene_open_inverse/model/mapkg_candidate_adjudication_v1/test_protocol.py	39e6a1788e2b67e391837e421da4765495ab5ca18c748119d461822cba989cb8
gene_open_inverse/model/mapkg_candidate_adjudication_v1/verify.py	src/gene_open_inverse/model/mapkg_candidate_adjudication_v1/verify.py	ccff3c9d0089780a75824ceea74a0f2f6f789738a02c50700368689278de4320
gene_open_inverse/model/replogle_batch_disjoint_measurability_v1/__init__.py	src/gene_open_inverse/model/replogle_batch_disjoint_measurability_v1/__init__.py	f1d1f11cbbde2b311936023d51f1919b573b394e8f5d4b5cd77a3c803b38393f
gene_open_inverse/model/replogle_batch_disjoint_measurability_v1/coverage_audit.py	src/gene_open_inverse/model/replogle_batch_disjoint_measurability_v1/coverage_audit.py	d574f657b617de47459060ad2c953918ff07ffdd4140e42af502c9e0f35b6638
gene_open_inverse/model/replogle_batch_disjoint_measurability_v1/run_batch_disjoint.py	src/gene_open_inverse/model/replogle_batch_disjoint_measurability_v1/run_batch_disjoint.py	ab141c3753509fce7c4b67601b46a64045a6460c2ec529c6f01f0753e82d9cbd
gene_open_inverse/model/replogle_batch_disjoint_measurability_v1/test_protocol.py	src/gene_open_inverse/model/replogle_batch_disjoint_measurability_v1/test_protocol.py	e37835422f1f5c842a1c0c66828bb60ab53ab6575bd8c8c275acb7b891c6b214
gene_open_inverse/model/source_goal_asset_resolution_v1/__init__.py	src/gene_open_inverse/model/source_goal_asset_resolution_v1/__init__.py	11ada40102ef7592330fc5dd603b4ce8cf58ff991b509ac2f1ecc380ca81aa48
gene_open_inverse/model/source_goal_asset_resolution_v1/audit_pairing_semantics.py	src/gene_open_inverse/model/source_goal_asset_resolution_v1/audit_pairing_semantics.py	f7f836d1829dec2a6a49ea814a16ec403e8b7e350e3463d652705e4dd3e94b2c
gene_open_inverse/model/source_goal_asset_resolution_v1/materialize_source_goal.py	src/gene_open_inverse/model/source_goal_asset_resolution_v1/materialize_source_goal.py	c105b6883e01fa41985193947078fe735739fb6daab741041385c4c4d00a49e8
gene_open_inverse/model/source_goal_asset_resolution_v1/test_protocol.py	src/gene_open_inverse/model/source_goal_asset_resolution_v1/test_protocol.py	de76fca70da3540cbd420de9ee6f6ecc0e45556705e9d16d0cbbfec2e2f0cc53
gene_open_inverse/utility_gt_v2/mechanism.py	src/gene_open_inverse/utility_gt_v2/mechanism.py	09ded39443ea5ade577fb9de8cfd7f0642764da200f86696b8f914258407d1f9
gene_open_inverse/utility_gt_v2/pool_composition.py	src/gene_open_inverse/utility_gt_v2/pool_composition.py	731a3178e517ba5bcf2a0b90e442d8f3ac0551c996a6fa1b35a1fa2f02f80778
gene_open_inverse/utility_gt_v2/run.py	src/gene_open_inverse/utility_gt_v2/run.py	c8c185cc7ef714904959617baec83bc95516be3d0b9a056992e8a902fadb518f
gene_open_inverse/utility_gt_v2/steelman.py	src/gene_open_inverse/utility_gt_v2/steelman.py	e8a0e34c0edea10fa4623db94e5b6e961e6e7d2dcf419e859e4fe35a47ae8904
gene_open_inverse/utility_gt_v2/stratify.py	src/gene_open_inverse/utility_gt_v2/stratify.py	5b8ad62f35cc00ce6fb5e95fcd7307c23b32bfbb8fd87c4863e8f0d099135e4b
gene_open_inverse/utility_gt_v2/test_protocol.py	src/gene_open_inverse/utility_gt_v2/test_protocol.py	9b0adce182dabb5bfafb96588afd73b68a901f4cfffb823dbfeddbf4d6079d41
gene_open_inverse/utility_gt_v2/verify.py	src/gene_open_inverse/utility_gt_v2/verify.py	d3c5bfb3d4e54ba2bf02b0202335be08158d7565cb6e56a5eca50501a9c99448
gene_open_inverse/decision_consistent_effect_v1/__init__.py	src/gene_open_inverse/decision_consistent_effect_v1/__init__.py	e3b0c44298fc1c149afbf4c8996fb92427ae41e4649b934ca495991b7852b855
gene_open_inverse/decision_consistent_effect_v1/arms.py	src/gene_open_inverse/decision_consistent_effect_v1/arms.py	9c894d93aa39d441df4a76ca0a42e02f9875deb49f6b39cee42d5392c5cdf041
gene_open_inverse/decision_consistent_effect_v1/contract.py	src/gene_open_inverse/decision_consistent_effect_v1/contract.py	1e6bad4cd02ee733d3b06ac002390f2e6f47a374ff8723138325b7226ee7525f
gene_open_inverse/decision_consistent_effect_v1/stats.py	src/gene_open_inverse/decision_consistent_effect_v1/stats.py	310992f9c58c5b9bcd9e624c57bea4f37c2f5b825fc598c7458d74f0fd3cb0be
gene_open_inverse/evaluation_contract_v1/__init__.py	src/gene_open_inverse/evaluation_contract_v1/__init__.py	191f7704d9e46d4df6267a296bb786d58689b331ced95c4d42b0622212b52da6
gene_open_inverse/evaluation_contract_v1/adoption.py	src/gene_open_inverse/evaluation_contract_v1/adoption.py	4e636bb80890a8afa2df5d078f44d1912293f61888a3ef4eafbef086056bf497
gene_open_inverse/evaluation_contract_v1/contract.py	src/gene_open_inverse/evaluation_contract_v1/contract.py	2be793c89465f4d2e044e1b0544ef630802517609d8b3f83a55c966d95ac6343
gene_open_inverse/evaluation_contract_v1/metrics.py	src/gene_open_inverse/evaluation_contract_v1/metrics.py	1e3a2bb19ee544e521b1fca487c7efbe3bea456f52ada6a704e1dfee48ad4173
gene_open_inverse/evidence_v1/__init__.py	src/gene_open_inverse/evidence_v1/__init__.py	0bc3915fbd872cf8de7302a572d461845cb1282168d026a9c805f04ceaae5f0e
gene_open_inverse/evidence_v1/contract.py	src/gene_open_inverse/evidence_v1/contract.py	7d7540cab7944f7afd79332404ae35d35de090e8d727a91280063ca441be1f41
gene_open_inverse/evidence_v1/run.py	src/gene_open_inverse/evidence_v1/run.py	08ddc247dfb27a1caf30df4ca310525da470499527523a71a5fb65d9d2cf1952
gene_open_inverse/external_baselines_v1/__init__.py	src/gene_open_inverse/external_baselines_v1/__init__.py	e3b0c44298fc1c149afbf4c8996fb92427ae41e4649b934ca495991b7852b855
gene_open_inverse/external_baselines_v1/cellnavi_data.py	src/gene_open_inverse/external_baselines_v1/cellnavi_data.py	9b3955bb9511e10f38ac33ad33162d1e036b82a02a3e16bb0050b42d4993d6e5
gene_open_inverse/external_baselines_v1/cellnavi_fit.py	src/gene_open_inverse/external_baselines_v1/cellnavi_fit.py	77babfb78a0d63cef50ff7949072554e7b11551f3846eb08c6e2427d4f38c0d0
gene_open_inverse/external_baselines_v1/cells.py	src/gene_open_inverse/external_baselines_v1/cells.py	66701af916cc8c8b45f0fb8980c80e203b81f4ce17954bca3e3ee1498ae272cc
gene_open_inverse/external_baselines_v1/contract.py	src/gene_open_inverse/external_baselines_v1/contract.py	76785523cd53fab62e8f1913a9ae94983eecec8134de28eab5befa201dcdbf8a
gene_open_inverse/external_baselines_v1/evaluate.py	src/gene_open_inverse/external_baselines_v1/evaluate.py	b0c9cd28431a6a1226b992f7d8496bb4cb0cc4d3f4eb462dd7e47fd8eb8fcdc7
gene_open_inverse/external_baselines_v1/gears_data.py	src/gene_open_inverse/external_baselines_v1/gears_data.py	ca5b4a715deccc5067078680b818a7236d115e117790fe94d43117d52889bdc0
gene_open_inverse/external_baselines_v1/gears_fit.py	src/gene_open_inverse/external_baselines_v1/gears_fit.py	d0d83166dc37337c9e523a93ed86b6b06774fc3dbfd76a00ce5f210dc8acafd7
gene_open_inverse/external_baselines_v1/phr.py	src/gene_open_inverse/external_baselines_v1/phr.py	824b2ffee20f8f6b581b7815425f5b58de0e702602da9529c3fe4c0881e8437c
gene_open_inverse/external_baselines_v1/ridge_k562.py	src/gene_open_inverse/external_baselines_v1/ridge_k562.py	af9c47d35bd105a8d72dba2a208de0fca9b2e61a5e03bc7e805ce16bf1acf5f0
gene_open_inverse/external_baselines_v1/scores.py	src/gene_open_inverse/external_baselines_v1/scores.py	cf484cc280888e6179e1c3d64f2aa94b71fcd32105afde475242b67caea32d3d
gene_open_inverse/external_baselines_v1/tables.py	src/gene_open_inverse/external_baselines_v1/tables.py	cebebf7b5ab2873ab0e604725e196e0e09ac9fa77def096da7bcba37d7170038
gene_open_inverse/external_baselines_v1/test_protocol.py	src/gene_open_inverse/external_baselines_v1/test_protocol.py	760a99b3832cc04859d2cb958510baa61acb22ad268db260d9f2c50e3717a1fb
gene_open_inverse/external_baselines_v1/verify.py	src/gene_open_inverse/external_baselines_v1/verify.py	03acfbb5089b6e477a881025431747fbfa2f1aa5012e23316d1a1e9f1731c4c3
gene_open_inverse/external_baselines_v1/verify_cellnavi.py	src/gene_open_inverse/external_baselines_v1/verify_cellnavi.py	3eed71eaa98c2c3e35a7a42735f86a1dea4bb258d3d6675bf67378ead730625a
gene_open_inverse/ppm_v1/anchor.py	src/gene_open_inverse/ppm_v1/anchor.py	17f9ab2e0b788549e501c7ddc4a99266a7d36abc388cdae1394c9af75b282b28
gene_open_inverse/ppm_v1/contract.py	src/gene_open_inverse/ppm_v1/contract.py	fc29c39618a421fa48ec275642173046cded47456cb26cad0b6127ce79da34c6
gene_open_inverse/ppm_v1/contract_readout.py	src/gene_open_inverse/ppm_v1/contract_readout.py	335eaed9ca92896fe91d8d16d7069946aa1d7b9082fd9672c41e6d8ea9bd2342
gene_open_inverse/ppm_v1/data.py	src/gene_open_inverse/ppm_v1/data.py	c5e64da121caa620697e1e8b3a51739e56c35f7e55adb25c3e25fda52183d5af
gene_open_inverse/ppm_v1/decide.py	src/gene_open_inverse/ppm_v1/decide.py	d66035fbfcf7016961d8f69834649d2c8ed990ca98da7e2ea0ce8be320ea1ca8
gene_open_inverse/ppm_v1/model.py	src/gene_open_inverse/ppm_v1/model.py	3b49554899230df45d349052116742ce17a8c86da205e36235a14e634e9d26a3
gene_open_inverse/ppm_v1/run.py	src/gene_open_inverse/ppm_v1/run.py	79d1333e417dfdeb8ca0b328f67f2a4c47058c05086f19761244b16f8b1987ab
gene_open_inverse/ppm_v1/train.py	src/gene_open_inverse/ppm_v1/train.py	8b09ecddbdd3cf92b86f98dbec47d4764b6576d647bbd75eaa88712f5f12b28b
gene_open_inverse/rwed_v1/__init__.py	src/gene_open_inverse/rwed_v1/__init__.py	e3b0c44298fc1c149afbf4c8996fb92427ae41e4649b934ca495991b7852b855
gene_open_inverse/rwed_v1/contract.py	src/gene_open_inverse/rwed_v1/contract.py	f765db813e0c677735d89bc7e58410d669f7673425168657bd45c3b109cd88f8
gene_open_inverse/rwed_v1/estimator.py	src/gene_open_inverse/rwed_v1/estimator.py	3d7dd99cd43b7e46728c1667d2bfecd6c095134f27da964423beb17cedaaf47b
Paper/figures/Fig1_latest_editable.pptx	paper_assets/figures/Fig1_latest_editable.pptx	dbca37ea78a10b0e9d47bb2a48393bb66a9f293d43ba02fa06ab6b5058a03532
Paper/figures/Fig1.png	paper_assets/figures/Fig1.png	7f22b03280e33586675b350e7ae31eead65d8d87d65835c8063036bfddf1442f
gene_open_inverse/model/replogle_batch_disjoint_measurability_v1/config.json	src/gene_open_inverse/model/replogle_batch_disjoint_measurability_v1/config.json	c09dc30635633b57776b0eaf0892e3a51c5e7c3a719b3383fa3ba4ef3e3f53f8
gene_open_inverse/model/candidate_knowledge_v1/config.json	configs/candidate_knowledge_v1.json	0d0d894275bfb2453989b6ec59ebbf00da50e8f9250f59bf7c711b7c187e423c
gene_open_inverse/model/mapkg_candidate_adjudication_v1/config.json	configs/mapkg_candidate_adjudication_v1.json	c315b8c9b8f1739c7039fa17e3416fb5276e89a85084ed67b24e5b607df6df4f
